<?xml version="1.0" ?>
<manifest identifier="RdVE-WXSMcipsRuz8dS_ZUxr9xlmnUvY4UHCpKKb" version="1"
  xmlns="http://www.imsproject.org/xsd/imscp_rootv1p1p2"
  xmlns:adlcp="http://www.adlnet.org/xsd/adlcp_rootv1p2"
  xmlns:xsi="http://www.w3.org/2001/XMLSchema-instance"
  xsi:schemaLocation="http://www.imsproject.org/xsd/imscp_rootv1p1p2 imscp_rootv1p1p2.xsd
                      http://www.adlnet.org/xsd/adlcp_rootv1p2 adlcp_rootv1p2.xsd">
  <metadata>
    <schema>ADL SCORM</schema>
    <schemaversion>1.2</schemaversion>
    <adlcp:location>metadata.xml</adlcp:location>
  </metadata>
  <organizations default="articulate_rise">
      <organization identifier="articulate_rise">
      <title>RingCentral Basics</title>
      <item identifier="i1" identifierref="r1" isvisible="true">
        <title>RingCentral Basics</title>
        <adlcp:datafromlms>eyJjcHYiOiI0VUhDcEtLYiIsInJsZCI6ZmFsc2V9</adlcp:datafromlms>
      </item>
    </organization>
  </organizations>
  <resources>
    <resource identifier="r1" type="webcontent" adlcp:scormtype="sco" href="scormdriver/indexAPI.html">
      <!-- SCORMDRIVER STUFF -->
      <file href="scormdriver/indexAPI.html" />
      <file href="scormdriver/preloadIntegrity.js" />
      <file href="scormdriver/driverOptions.js" />
      <file href="scormdriver/AICCComm.html" />
      <file href="scormdriver/auto-scripts/AutoBookmark.js" />
      <file href="scormdriver/auto-scripts/AutoCompleteSCO.js" />
      <file href="scormdriver/auto-scripts/CourseExit.js" />
      <file href="scormdriver/blank.html" />
      <file href="scormdriver/goodbye.html" />
      <file href="scormdriver/scormdriver.js" />
      <file href="scormdriver/browsersniff.js" />

      <!-- RUNTIME COMMON STUFF -->
      <file href="scormcontent/index.html" />

      
        <file href="scormcontent/lib/fonts/icomoon.ttf"/>
        <file href="scormcontent/lib/fonts/icomoon.woff"/>

        <file href="scormcontent/lib/icomoon.css"/>
        <file href="scormcontent/lib/player-0.0.11.min.js"/>
        <file href="scormcontent/lib/lzwcompress.js"/>
      

      <!-- FRONTEND BUNDLE ASSETS -->
      <file href="scormcontent/lib/rise/450b829c.js" />
<file href="scormcontent/lib/rise/11732e6a.css" />
<file href="scormcontent/lib/rise/9e45bfba.js" />
<file href="scormcontent/lib/rise/7c4cd354.css" />
<file href="scormcontent/lib/rise/2a8fa38a.js" />
<file href="scormcontent/lib/rise/eb9bd09f.js" />
<file href="scormcontent/lib/rise/20be7de8.js" />
<file href="scormcontent/lib/mondrian/entry.js" />
<file href="scormcontent/lib/mondrian/b6873211.js" />
<file href="scormcontent/lib/mondrian/c2f6b4b8.js" />
<file href="scormcontent/lib/mondrian/7b2a258a.js" />
<file href="scormcontent/lib/mondrian/18ae508c.js" />
<file href="scormcontent/lib/mondrian/3e40eb79.js" />
<file href="scormcontent/lib/mondrian/cdf9a293.js" />
<file href="scormcontent/lib/mondrian/3f9ba7c0.js" />
<file href="scormcontent/lib/mondrian/07d24945.js" />


      <!-- RUNTIME CONTENT STUFF -->
      <file href="scormcontent/lib/fonts/jwy5OUGC_3YXJnDn-proxima-nova-regular-webfont.woff" />
<file href="scormcontent/lib/fonts/zX_cp5j-hcJcSNP8-proxima-nova-bold-webfont.woff" />
<file href="scormcontent/lib/fonts/yOskpxqudwlkntEN-proxima-nova-regular-italic-webfont.woff" />
<file href="scormcontent/lib/fonts/Lato-Black.woff" />
<file href="scormcontent/lib/fonts/Lato-Italic.woff" />
<file href="scormcontent/lib/fonts/Lato-Bold.woff" />
<file href="scormcontent/lib/fonts/Lato-Regular.woff" />
<file href="scormcontent/lib/fonts/Lato-Light.woff" />
<file href="scormcontent/assets/0BPXYIdblF4YEg_x_small_1638389383.jpg" />
<file href="scormcontent/assets/GH3tWsWxWdjqiQMG_small.png" />
<file href="scormcontent/assets/gt6_Ha/2023_Arrive%20Logistics-Wordmark%2C%20Modifier%20_%20Symbol-BLK.png" />
<file href="scormcontent/assets/PDoSpTzZVzBW0F1B_TP4W2BmZLaL7nYVh.png" />
<file href="scormcontent/assets/xBXfxGlMFypDj3My_VApS8zRP2ZVbxoOQ.png" />
<file href="scormcontent/assets/DLPlzfXaxeT9DcQ-_y22bbX2Y8JmpT-IZ.jpg" />
<file href="scormcontent/assets/0SnZ7_IADbrOyyoL_gYClypjVDuC6GGGG.png" />
<file href="scormcontent/assets/PH2lOhxjjjZx034v_dDcrc0bccNdQkjJY.gif" />
<file href="scormcontent/assets/xjVdaP-33K3g0nk0_P9qr9bvKCgJeLDnR.gif" />
<file href="scormcontent/assets/7D1NbJF9wSY0iXYF_b69C3DEDpYTIBHzY.png" />
<file href="scormcontent/assets/8tgqdChyZzZANy6v_UmwGrq8AQ6yLNRHK.png" />
<file href="scormcontent/assets/MKMFw4VMsHO0FK9-_U7AcuaOaJbfyvkMN.png" />
<file href="scormcontent/assets/DLdROBdGMt5mHbgQ_e7WNtWaFzCXh2Xsl.png" />
<file href="scormcontent/assets/TxrcSb/zhang-kaiyv-694182-unsplash.jpg" />
<file href="scormcontent/assets/6FkyDVMhBaPCj43u_1_financial.jpg" />
<file href="scormcontent/assets/DCA8cFRo4AdElmVL_example-header-image.jpg" />

    </resource>
  </resources>
</manifest>
